distance, speed,real distance
10.03,12800,10.167
12.72,12100,13.05625
15.3,11950,15.53125
17.17,12250,17.9375
19.97,12800,21.28125
8.38,17700,8.5
23.2,12500,27
